#STATION,STATION_NAME,ELEVATION,LATITUDE,LONGITUDE,DATE,DLY-TMIN-NORMAL,DLY-TMAX-NORMAL,MTD-PRCP-NORMAL
GHCND:USC00327027,PETERSBURG 2 N ND US,466.3,48.0355,-98.01,20100101,-33,145,2
GHCND:USC00327027,PETERSBURG 2 N ND US,466.3,48.0355,-98.01,20100102,-35,144,2
GHCND:USC00327027,PETERSBURG 2 N ND US,466.3,48.0355,-98.01,20100103,-36,143,1
GHCND:USC00327027,PETERSBURG 2 N ND US,466.3,48.0355,-98.01,20100104,-38,142,2
GHCND:USC00327027,PETERSBURG 2 N ND US,466.3,48.0355,-98.01,20100105,-39,141,2
GHCND:USC00327027,PETERSBURG 2 N ND US,466.3,48.0355,-98.01,20100106,-41,140,1
GHCND:USC00327027,PETERSBURG 2 N ND US,466.3,48.0355,-98.01,20100107,-42,140,2
GHCND:USC00327027,PETERSBURG 2 N ND US,466.3,48.0355,-98.01,20100108,-43,139,1
GHCND:USC00327027,PETERSBURG 2 N ND US,466.3,48.0355,-98.01,20100109,-44,139,2
GHCND:USC00327027,PETERSBURG 2 N ND US,466.3,48.0355,-98.01,20100110,-45,139,2
GHCND:USC00327027,PETERSBURG 2 N ND US,466.3,48.0355,-98.01,20100111,-45,138,2
GHCND:USC00327027,PETERSBURG 2 N ND US,466.3,48.0355,-98.01,20100112,-46,139,2
GHCND:USC00327027,PETERSBURG 2 N ND US,466.3,48.0355,-98.01,20100113,-47,139,2
GHCND:USC00327027,PETERSBURG 2 N ND US,466.3,48.0355,-98.01,20100114,-47,139,2
GHCND:USC00327027,PETERSBURG 2 N ND US,466.3,48.0355,-98.01,20100115,-47,140,2
GHCND:USC00327027,PETERSBURG 2 N ND US,466.3,48.0355,-98.01,20100116,-47,140,3
GHCND:USC00327027,PETERSBURG 2 N ND US,466.3,48.0355,-98.01,20100117,-48,141,2
GHCND:USC00327027,PETERSBURG 2 N ND US,466.3,48.0355,-98.01,20100118,-48,142,2
GHCND:USC00327027,PETERSBURG 2 N ND US,466.3,48.0355,-98.01,20100119,-47,143,1
GHCND:USC00327027,PETERSBURG 2 N ND US,466.3,48.0355,-98.01,20100120,-47,144,2
GHCND:USC00327027,PETERSBURG 2 N ND US,466.3,48.0355,-98.01,20100121,-47,145,2
GHCND:USC00327027,PETERSBURG 2 N ND US,466.3,48.0355,-98.01,20100122,-46,146,2
GHCND:USC00327027,PETERSBURG 2 N ND US,466.3,48.0355,-98.01,20100123,-46,148,2
GHCND:USC00327027,PETERSBURG 2 N ND US,466.3,48.0355,-98.01,20100124,-45,149,1
GHCND:USC00327027,PETERSBURG 2 N ND US,466.3,48.0355,-98.01,20100125,-44,151,2
GHCND:USC00327027,PETERSBURG 2 N ND US,466.3,48.0355,-98.01,20100126,-43,152,1
GHCND:USC00327027,PETERSBURG 2 N ND US,466.3,48.0355,-98.01,20100127,-42,154,2
GHCND:USC00327027,PETERSBURG 2 N ND US,466.3,48.0355,-98.01,20100128,-41,156,1
GHCND:USC00327027,PETERSBURG 2 N ND US,466.3,48.0355,-98.01,20100129,-40,158,2
GHCND:USC00327027,PETERSBURG 2 N ND US,466.3,48.0355,-98.01,20100130,-38,160,2
GHCND:USC00327027,PETERSBURG 2 N ND US,466.3,48.0355,-98.01,20100131,-37,162,1
GHCND:USC00327027,PETERSBURG 2 N ND US,466.3,48.0355,-98.01,20100201,-35,164,1
GHCND:USC00327027,PETERSBURG 2 N ND US,466.3,48.0355,-98.01,20100202,-33,166,2
GHCND:USC00327027,PETERSBURG 2 N ND US,466.3,48.0355,-98.01,20100203,-31,169,1
GHCND:USC00327027,PETERSBURG 2 N ND US,466.3,48.0355,-98.01,20100204,-29,171,2
GHCND:USC00327027,PETERSBURG 2 N ND US,466.3,48.0355,-98.01,20100205,-27,173,1
GHCND:USC00327027,PETERSBURG 2 N ND US,466.3,48.0355,-98.01,20100206,-25,176,1
GHCND:USC00327027,PETERSBURG 2 N ND US,466.3,48.0355,-98.01,20100207,-22,178,2
GHCND:USC00327027,PETERSBURG 2 N ND US,466.3,48.0355,-98.01,20100208,-20,181,1
GHCND:USC00327027,PETERSBURG 2 N ND US,466.3,48.0355,-98.01,20100209,-17,183,1
GHCND:USC00327027,PETERSBURG 2 N ND US,466.3,48.0355,-98.01,20100210,-14,186,1
GHCND:USC00327027,PETERSBURG 2 N ND US,466.3,48.0355,-98.01,20100211,-11,188,2
GHCND:USC00327027,PETERSBURG 2 N ND US,466.3,48.0355,-98.01,20100212,-8,191,1
GHCND:USC00327027,PETERSBURG 2 N ND US,466.3,48.0355,-98.01,20100213,-5,194,2
GHCND:USC00327027,PETERSBURG 2 N ND US,466.3,48.0355,-98.01,20100214,-1,196,1
GHCND:USC00327027,PETERSBURG 2 N ND US,466.3,48.0355,-98.01,20100215,2,199,2
GHCND:USC00327027,PETERSBURG 2 N ND US,466.3,48.0355,-98.01,20100216,6,202,1
GHCND:USC00327027,PETERSBURG 2 N ND US,466.3,48.0355,-98.01,20100217,9,205,2
GHCND:USC00327027,PETERSBURG 2 N ND US,466.3,48.0355,-98.01,20100218,13,207,1
GHCND:USC00327027,PETERSBURG 2 N ND US,466.3,48.0355,-98.01,20100219,17,210,2
GHCND:USC00327027,PETERSBURG 2 N ND US,466.3,48.0355,-98.01,20100220,21,213,2
GHCND:USC00327027,PETERSBURG 2 N ND US,466.3,48.0355,-98.01,20100221,25,216,2
GHCND:USC00327027,PETERSBURG 2 N ND US,466.3,48.0355,-98.01,20100222,29,219,1
GHCND:USC00327027,PETERSBURG 2 N ND US,466.3,48.0355,-98.01,20100223,33,223,2
GHCND:USC00327027,PETERSBURG 2 N ND US,466.3,48.0355,-98.01,20100224,38,226,2
GHCND:USC00327027,PETERSBURG 2 N ND US,466.3,48.0355,-98.01,20100225,42,229,2
GHCND:USC00327027,PETERSBURG 2 N ND US,466.3,48.0355,-98.01,20100226,47,232,2
GHCND:USC00327027,PETERSBURG 2 N ND US,466.3,48.0355,-98.01,20100227,52,236,2
GHCND:USC00327027,PETERSBURG 2 N ND US,466.3,48.0355,-98.01,20100228,56,239,2
GHCND:USC00327027,PETERSBURG 2 N ND US,466.3,48.0355,-98.01,20100301,61,243,2
GHCND:USC00327027,PETERSBURG 2 N ND US,466.3,48.0355,-98.01,20100302,66,247,2
GHCND:USC00327027,PETERSBURG 2 N ND US,466.3,48.0355,-98.01,20100303,71,251,3
GHCND:USC00327027,PETERSBURG 2 N ND US,466.3,48.0355,-98.01,20100304,76,254,2
GHCND:USC00327027,PETERSBURG 2 N ND US,466.3,48.0355,-98.01,20100305,81,259,2
GHCND:USC00327027,PETERSBURG 2 N ND US,466.3,48.0355,-98.01,20100306,86,263,2
GHCND:USC00327027,PETERSBURG 2 N ND US,466.3,48.0355,-98.01,20100307,91,267,2
GHCND:USC00327027,PETERSBURG 2 N ND US,466.3,48.0355,-98.01,20100308,97,272,3
GHCND:USC00327027,PETERSBURG 2 N ND US,466.3,48.0355,-98.01,20100309,102,276,2
GHCND:USC00327027,PETERSBURG 2 N ND US,466.3,48.0355,-98.01,20100310,107,281,2
GHCND:USC00327027,PETERSBURG 2 N ND US,466.3,48.0355,-98.01,20100311,112,286,2
GHCND:USC00327027,PETERSBURG 2 N ND US,466.3,48.0355,-98.01,20100312,118,291,2
GHCND:USC00327027,PETERSBURG 2 N ND US,466.3,48.0355,-98.01,20100313,123,296,2
GHCND:USC00327027,PETERSBURG 2 N ND US,466.3,48.0355,-98.01,20100314,129,301,2
GHCND:USC00327027,PETERSBURG 2 N ND US,466.3,48.0355,-98.01,20100315,134,307,2
GHCND:USC00327027,PETERSBURG 2 N ND US,466.3,48.0355,-98.01,20100316,140,313,3
GHCND:USC00327027,PETERSBURG 2 N ND US,466.3,48.0355,-98.01,20100317,145,318,2
GHCND:USC00327027,PETERSBURG 2 N ND US,466.3,48.0355,-98.01,20100318,151,324,2
GHCND:USC00327027,PETERSBURG 2 N ND US,466.3,48.0355,-98.01,20100319,156,330,3
GHCND:USC00327027,PETERSBURG 2 N ND US,466.3,48.0355,-98.01,20100320,161,336,3
GHCND:USC00327027,PETERSBURG 2 N ND US,466.3,48.0355,-98.01,20100321,167,343,2
GHCND:USC00327027,PETERSBURG 2 N ND US,466.3,48.0355,-98.01,20100322,172,349,3
GHCND:USC00327027,PETERSBURG 2 N ND US,466.3,48.0355,-98.01,20100323,178,356,2
GHCND:USC00327027,PETERSBURG 2 N ND US,466.3,48.0355,-98.01,20100324,183,363,3
GHCND:USC00327027,PETERSBURG 2 N ND US,466.3,48.0355,-98.01,20100325,189,369,2
GHCND:USC00327027,PETERSBURG 2 N ND US,466.3,48.0355,-98.01,20100326,194,376,3
GHCND:USC00327027,PETERSBURG 2 N ND US,466.3,48.0355,-98.01,20100327,199,383,2
GHCND:USC00327027,PETERSBURG 2 N ND US,466.3,48.0355,-98.01,20100328,205,390,2
GHCND:USC00327027,PETERSBURG 2 N ND US,466.3,48.0355,-98.01,20100329,210,397,3
GHCND:USC00327027,PETERSBURG 2 N ND US,466.3,48.0355,-98.01,20100330,215,405,2
GHCND:USC00327027,PETERSBURG 2 N ND US,466.3,48.0355,-98.01,20100331,221,412,3
GHCND:USC00327027,PETERSBURG 2 N ND US,466.3,48.0355,-98.01,20100401,226,419,2
GHCND:USC00327027,PETERSBURG 2 N ND US,466.3,48.0355,-98.01,20100402,231,426,3
GHCND:USC00327027,PETERSBURG 2 N ND US,466.3,48.0355,-98.01,20100403,236,434,2
GHCND:USC00327027,PETERSBURG 2 N ND US,466.3,48.0355,-98.01,20100404,241,441,3
GHCND:USC00327027,PETERSBURG 2 N ND US,466.3,48.0355,-98.01,20100405,246,448,2
GHCND:USC00327027,PETERSBURG 2 N ND US,466.3,48.0355,-98.01,20100406,251,456,3
GHCND:USC00327027,PETERSBURG 2 N ND US,466.3,48.0355,-98.01,20100407,256,463,3
GHCND:USC00327027,PETERSBURG 2 N ND US,466.3,48.0355,-98.01,20100408,261,470,2
GHCND:USC00327027,PETERSBURG 2 N ND US,466.3,48.0355,-98.01,20100409,266,477,3
GHCND:USC00327027,PETERSBURG 2 N ND US,466.3,48.0355,-98.01,20100410,270,484,2
GHCND:USC00327027,PETERSBURG 2 N ND US,466.3,48.0355,-98.01,20100411,275,491,3
GHCND:USC00327027,PETERSBURG 2 N ND US,466.3,48.0355,-98.01,20100412,280,498,2
GHCND:USC00327027,PETERSBURG 2 N ND US,466.3,48.0355,-98.01,20100413,284,505,3
GHCND:USC00327027,PETERSBURG 2 N ND US,466.3,48.0355,-98.01,20100414,289,512,3
GHCND:USC00327027,PETERSBURG 2 N ND US,466.3,48.0355,-98.01,20100415,294,518,2
GHCND:USC00327027,PETERSBURG 2 N ND US,466.3,48.0355,-98.01,20100416,298,525,3
GHCND:USC00327027,PETERSBURG 2 N ND US,466.3,48.0355,-98.01,20100417,302,531,3
GHCND:USC00327027,PETERSBURG 2 N ND US,466.3,48.0355,-98.01,20100418,307,537,3
GHCND:USC00327027,PETERSBURG 2 N ND US,466.3,48.0355,-98.01,20100419,311,543,3
GHCND:USC00327027,PETERSBURG 2 N ND US,466.3,48.0355,-98.01,20100420,315,549,3
GHCND:USC00327027,PETERSBURG 2 N ND US,466.3,48.0355,-98.01,20100421,320,555,3
GHCND:USC00327027,PETERSBURG 2 N ND US,466.3,48.0355,-98.01,20100422,324,560,4
GHCND:USC00327027,PETERSBURG 2 N ND US,466.3,48.0355,-98.01,20100423,328,566,4
GHCND:USC00327027,PETERSBURG 2 N ND US,466.3,48.0355,-98.01,20100424,332,571,4
GHCND:USC00327027,PETERSBURG 2 N ND US,466.3,48.0355,-98.01,20100425,336,576,5
GHCND:USC00327027,PETERSBURG 2 N ND US,466.3,48.0355,-98.01,20100426,340,581,4
GHCND:USC00327027,PETERSBURG 2 N ND US,466.3,48.0355,-98.01,20100427,344,586,5
GHCND:USC00327027,PETERSBURG 2 N ND US,466.3,48.0355,-98.01,20100428,348,591,6
GHCND:USC00327027,PETERSBURG 2 N ND US,466.3,48.0355,-98.01,20100429,352,596,5
GHCND:USC00327027,PETERSBURG 2 N ND US,466.3,48.0355,-98.01,20100430,356,600,5
GHCND:USC00327027,PETERSBURG 2 N ND US,466.3,48.0355,-98.01,20100501,360,604,6
GHCND:USC00327027,PETERSBURG 2 N ND US,466.3,48.0355,-98.01,20100502,364,609,6
GHCND:USC00327027,PETERSBURG 2 N ND US,466.3,48.0355,-98.01,20100503,368,613,6
GHCND:USC00327027,PETERSBURG 2 N ND US,466.3,48.0355,-98.01,20100504,371,617,6
GHCND:USC00327027,PETERSBURG 2 N ND US,466.3,48.0355,-98.01,20100505,375,620,6
GHCND:USC00327027,PETERSBURG 2 N ND US,466.3,48.0355,-98.01,20100506,379,624,7
GHCND:USC00327027,PETERSBURG 2 N ND US,466.3,48.0355,-98.01,20100507,383,628,7
GHCND:USC00327027,PETERSBURG 2 N ND US,466.3,48.0355,-98.01,20100508,387,631,7
GHCND:USC00327027,PETERSBURG 2 N ND US,466.3,48.0355,-98.01,20100509,391,635,7
GHCND:USC00327027,PETERSBURG 2 N ND US,466.3,48.0355,-98.01,20100510,394,638,8
GHCND:USC00327027,PETERSBURG 2 N ND US,466.3,48.0355,-98.01,20100511,398,642,8
GHCND:USC00327027,PETERSBURG 2 N ND US,466.3,48.0355,-98.01,20100512,402,645,8
GHCND:USC00327027,PETERSBURG 2 N ND US,466.3,48.0355,-98.01,20100513,406,648,8
GHCND:USC00327027,PETERSBURG 2 N ND US,466.3,48.0355,-98.01,20100514,409,651,8
GHCND:USC00327027,PETERSBURG 2 N ND US,466.3,48.0355,-98.01,20100515,413,654,7
GHCND:USC00327027,PETERSBURG 2 N ND US,466.3,48.0355,-98.01,20100516,417,657,8
GHCND:USC00327027,PETERSBURG 2 N ND US,466.3,48.0355,-98.01,20100517,421,660,9
GHCND:USC00327027,PETERSBURG 2 N ND US,466.3,48.0355,-98.01,20100518,425,663,9
GHCND:USC00327027,PETERSBURG 2 N ND US,466.3,48.0355,-98.01,20100519,428,666,8
GHCND:USC00327027,PETERSBURG 2 N ND US,466.3,48.0355,-98.01,20100520,432,669,9
GHCND:USC00327027,PETERSBURG 2 N ND US,466.3,48.0355,-98.01,20100521,436,672,8
GHCND:USC00327027,PETERSBURG 2 N ND US,466.3,48.0355,-98.01,20100522,440,675,9
GHCND:USC00327027,PETERSBURG 2 N ND US,466.3,48.0355,-98.01,20100523,444,678,8
GHCND:USC00327027,PETERSBURG 2 N ND US,466.3,48.0355,-98.01,20100524,447,681,9
GHCND:USC00327027,PETERSBURG 2 N ND US,466.3,48.0355,-98.01,20100525,451,684,9
GHCND:USC00327027,PETERSBURG 2 N ND US,466.3,48.0355,-98.01,20100526,455,687,9
GHCND:USC00327027,PETERSBURG 2 N ND US,466.3,48.0355,-98.01,20100527,459,690,9
GHCND:USC00327027,PETERSBURG 2 N ND US,466.3,48.0355,-98.01,20100528,462,693,9
GHCND:USC00327027,PETERSBURG 2 N ND US,466.3,48.0355,-98.01,20100529,466,696,10
GHCND:USC00327027,PETERSBURG 2 N ND US,466.3,48.0355,-98.01,20100530,470,699,10
GHCND:USC00327027,PETERSBURG 2 N ND US,466.3,48.0355,-98.01,20100531,473,702,11
GHCND:USC00327027,PETERSBURG 2 N ND US,466.3,48.0355,-98.01,20100601,477,705,11
GHCND:USC00327027,PETERSBURG 2 N ND US,466.3,48.0355,-98.01,20100602,481,708,11
GHCND:USC00327027,PETERSBURG 2 N ND US,466.3,48.0355,-98.01,20100603,484,711,11
GHCND:USC00327027,PETERSBURG 2 N ND US,466.3,48.0355,-98.01,20100604,488,714,12
GHCND:USC00327027,PETERSBURG 2 N ND US,466.3,48.0355,-98.01,20100605,491,717,11
GHCND:USC00327027,PETERSBURG 2 N ND US,466.3,48.0355,-98.01,20100606,495,719,11
GHCND:USC00327027,PETERSBURG 2 N ND US,466.3,48.0355,-98.01,20100607,498,722,12
GHCND:USC00327027,PETERSBURG 2 N ND US,466.3,48.0355,-98.01,20100608,501,725,11
GHCND:USC00327027,PETERSBURG 2 N ND US,466.3,48.0355,-98.01,20100609,505,728,12
GHCND:USC00327027,PETERSBURG 2 N ND US,466.3,48.0355,-98.01,20100610,508,731,12
GHCND:USC00327027,PETERSBURG 2 N ND US,466.3,48.0355,-98.01,20100611,511,733,12
GHCND:USC00327027,PETERSBURG 2 N ND US,466.3,48.0355,-98.01,20100612,514,736,12
GHCND:USC00327027,PETERSBURG 2 N ND US,466.3,48.0355,-98.01,20100613,517,739,13
GHCND:USC00327027,PETERSBURG 2 N ND US,466.3,48.0355,-98.01,20100614,520,741,14
GHCND:USC00327027,PETERSBURG 2 N ND US,466.3,48.0355,-98.01,20100615,523,744,12
GHCND:USC00327027,PETERSBURG 2 N ND US,466.3,48.0355,-98.01,20100616,525,746,13
GHCND:USC00327027,PETERSBURG 2 N ND US,466.3,48.0355,-98.01,20100617,528,749,14
GHCND:USC00327027,PETERSBURG 2 N ND US,466.3,48.0355,-98.01,20100618,531,751,13
GHCND:USC00327027,PETERSBURG 2 N ND US,466.3,48.0355,-98.01,20100619,533,753,14
GHCND:USC00327027,PETERSBURG 2 N ND US,466.3,48.0355,-98.01,20100620,536,756,13
GHCND:USC00327027,PETERSBURG 2 N ND US,466.3,48.0355,-98.01,20100621,538,758,14
GHCND:USC00327027,PETERSBURG 2 N ND US,466.3,48.0355,-98.01,20100622,540,760,13
GHCND:USC00327027,PETERSBURG 2 N ND US,466.3,48.0355,-98.01,20100623,542,762,13
GHCND:USC00327027,PETERSBURG 2 N ND US,466.3,48.0355,-98.01,20100624,544,764,14
GHCND:USC00327027,PETERSBURG 2 N ND US,466.3,48.0355,-98.01,20100625,546,766,13
GHCND:USC00327027,PETERSBURG 2 N ND US,466.3,48.0355,-98.01,20100626,548,768,13
GHCND:USC00327027,PETERSBURG 2 N ND US,466.3,48.0355,-98.01,20100627,549,769,14
GHCND:USC00327027,PETERSBURG 2 N ND US,466.3,48.0355,-98.01,20100628,551,771,13
GHCND:USC00327027,PETERSBURG 2 N ND US,466.3,48.0355,-98.01,20100629,553,773,12
GHCND:USC00327027,PETERSBURG 2 N ND US,466.3,48.0355,-98.01,20100630,554,774,13
GHCND:USC00327027,PETERSBURG 2 N ND US,466.3,48.0355,-98.01,20100701,555,776,12
GHCND:USC00327027,PETERSBURG 2 N ND US,466.3,48.0355,-98.01,20100702,557,778,12
GHCND:USC00327027,PETERSBURG 2 N ND US,466.3,48.0355,-98.01,20100703,558,779,13
GHCND:USC00327027,PETERSBURG 2 N ND US,466.3,48.0355,-98.01,20100704,559,780,12
GHCND:USC00327027,PETERSBURG 2 N ND US,466.3,48.0355,-98.01,20100705,560,782,12
GHCND:USC00327027,PETERSBURG 2 N ND US,466.3,48.0355,-98.01,20100706,561,783,12
GHCND:USC00327027,PETERSBURG 2 N ND US,466.3,48.0355,-98.01,20100707,562,784,12
GHCND:USC00327027,PETERSBURG 2 N ND US,466.3,48.0355,-98.01,20100708,562,786,12
GHCND:USC00327027,PETERSBURG 2 N ND US,466.3,48.0355,-98.01,20100709,563,787,12
GHCND:USC00327027,PETERSBURG 2 N ND US,466.3,48.0355,-98.01,20100710,564,788,12
GHCND:USC00327027,PETERSBURG 2 N ND US,466.3,48.0355,-98.01,20100711,564,789,10
GHCND:USC00327027,PETERSBURG 2 N ND US,466.3,48.0355,-98.01,20100712,565,790,11
GHCND:USC00327027,PETERSBURG 2 N ND US,466.3,48.0355,-98.01,20100713,565,791,11
GHCND:USC00327027,PETERSBURG 2 N ND US,466.3,48.0355,-98.01,20100714,566,792,10
GHCND:USC00327027,PETERSBURG 2 N ND US,466.3,48.0355,-98.01,20100715,566,793,11
GHCND:USC00327027,PETERSBURG 2 N ND US,466.3,48.0355,-98.01,20100716,566,794,10
GHCND:USC00327027,PETERSBURG 2 N ND US,466.3,48.0355,-98.01,20100717,566,795,10
GHCND:USC00327027,PETERSBURG 2 N ND US,466.3,48.0355,-98.01,20100718,567,796,9
GHCND:USC00327027,PETERSBURG 2 N ND US,466.3,48.0355,-98.01,20100719,567,797,10
GHCND:USC00327027,PETERSBURG 2 N ND US,466.3,48.0355,-98.01,20100720,567,798,10
GHCND:USC00327027,PETERSBURG 2 N ND US,466.3,48.0355,-98.01,20100721,567,799,10
GHCND:USC00327027,PETERSBURG 2 N ND US,466.3,48.0355,-98.01,20100722,567,800,10
GHCND:USC00327027,PETERSBURG 2 N ND US,466.3,48.0355,-98.01,20100723,567,800,9
GHCND:USC00327027,PETERSBURG 2 N ND US,466.3,48.0355,-98.01,20100724,567,801,9
GHCND:USC00327027,PETERSBURG 2 N ND US,466.3,48.0355,-98.01,20100725,566,802,9
GHCND:USC00327027,PETERSBURG 2 N ND US,466.3,48.0355,-98.01,20100726,566,802,9
GHCND:USC00327027,PETERSBURG 2 N ND US,466.3,48.0355,-98.01,20100727,566,803,8
GHCND:USC00327027,PETERSBURG 2 N ND US,466.3,48.0355,-98.01,20100728,566,803,9
GHCND:USC00327027,PETERSBURG 2 N ND US,466.3,48.0355,-98.01,20100729,565,804,8
GHCND:USC00327027,PETERSBURG 2 N ND US,466.3,48.0355,-98.01,20100730,565,804,9
GHCND:USC00327027,PETERSBURG 2 N ND US,466.3,48.0355,-98.01,20100731,564,805,9
GHCND:USC00327027,PETERSBURG 2 N ND US,466.3,48.0355,-98.01,20100801,564,805,9
GHCND:USC00327027,PETERSBURG 2 N ND US,466.3,48.0355,-98.01,20100802,563,805,9
GHCND:USC00327027,PETERSBURG 2 N ND US,466.3,48.0355,-98.01,20100803,563,805,9
GHCND:USC00327027,PETERSBURG 2 N ND US,466.3,48.0355,-98.01,20100804,562,805,9
GHCND:USC00327027,PETERSBURG 2 N ND US,466.3,48.0355,-98.01,20100805,561,805,9
GHCND:USC00327027,PETERSBURG 2 N ND US,466.3,48.0355,-98.01,20100806,560,804,8
GHCND:USC00327027,PETERSBURG 2 N ND US,466.3,48.0355,-98.01,20100807,559,804,9
GHCND:USC00327027,PETERSBURG 2 N ND US,466.3,48.0355,-98.01,20100808,558,804,8
GHCND:USC00327027,PETERSBURG 2 N ND US,466.3,48.0355,-98.01,20100809,557,803,9
GHCND:USC00327027,PETERSBURG 2 N ND US,466.3,48.0355,-98.01,20100810,556,802,9
GHCND:USC00327027,PETERSBURG 2 N ND US,466.3,48.0355,-98.01,20100811,555,801,10
GHCND:USC00327027,PETERSBURG 2 N ND US,466.3,48.0355,-98.01,20100812,553,800,9
GHCND:USC00327027,PETERSBURG 2 N ND US,466.3,48.0355,-98.01,20100813,552,799,9
GHCND:USC00327027,PETERSBURG 2 N ND US,466.3,48.0355,-98.01,20100814,550,798,9
GHCND:USC00327027,PETERSBURG 2 N ND US,466.3,48.0355,-98.01,20100815,548,796,9
GHCND:USC00327027,PETERSBURG 2 N ND US,466.3,48.0355,-98.01,20100816,546,795,9
GHCND:USC00327027,PETERSBURG 2 N ND US,466.3,48.0355,-98.01,20100817,544,793,9
GHCND:USC00327027,PETERSBURG 2 N ND US,466.3,48.0355,-98.01,20100818,542,791,9
GHCND:USC00327027,PETERSBURG 2 N ND US,466.3,48.0355,-98.01,20100819,540,789,9
GHCND:USC00327027,PETERSBURG 2 N ND US,466.3,48.0355,-98.01,20100820,538,787,9
GHCND:USC00327027,PETERSBURG 2 N ND US,466.3,48.0355,-98.01,20100821,535,784,9
GHCND:USC00327027,PETERSBURG 2 N ND US,466.3,48.0355,-98.01,20100822,533,782,9
GHCND:USC00327027,PETERSBURG 2 N ND US,466.3,48.0355,-98.01,20100823,530,779,9
GHCND:USC00327027,PETERSBURG 2 N ND US,466.3,48.0355,-98.01,20100824,527,777,10
GHCND:USC00327027,PETERSBURG 2 N ND US,466.3,48.0355,-98.01,20100825,524,774,9
GHCND:USC00327027,PETERSBURG 2 N ND US,466.3,48.0355,-98.01,20100826,521,770,9
GHCND:USC00327027,PETERSBURG 2 N ND US,466.3,48.0355,-98.01,20100827,518,767,8
GHCND:USC00327027,PETERSBURG 2 N ND US,466.3,48.0355,-98.01,20100828,515,764,8
GHCND:USC00327027,PETERSBURG 2 N ND US,466.3,48.0355,-98.01,20100829,511,760,9
GHCND:USC00327027,PETERSBURG 2 N ND US,466.3,48.0355,-98.01,20100830,508,757,8
GHCND:USC00327027,PETERSBURG 2 N ND US,466.3,48.0355,-98.01,20100831,504,753,8
GHCND:USC00327027,PETERSBURG 2 N ND US,466.3,48.0355,-98.01,20100901,501,749,8
GHCND:USC00327027,PETERSBURG 2 N ND US,466.3,48.0355,-98.01,20100902,497,745,8
GHCND:USC00327027,PETERSBURG 2 N ND US,466.3,48.0355,-98.01,20100903,493,741,7
GHCND:USC00327027,PETERSBURG 2 N ND US,466.3,48.0355,-98.01,20100904,489,737,8
GHCND:USC00327027,PETERSBURG 2 N ND US,466.3,48.0355,-98.01,20100905,485,733,8
GHCND:USC00327027,PETERSBURG 2 N ND US,466.3,48.0355,-98.01,20100906,481,729,7
GHCND:USC00327027,PETERSBURG 2 N ND US,466.3,48.0355,-98.01,20100907,476,725,8
GHCND:USC00327027,PETERSBURG 2 N ND US,466.3,48.0355,-98.01,20100908,472,720,7
GHCND:USC00327027,PETERSBURG 2 N ND US,466.3,48.0355,-98.01,20100909,468,716,7
GHCND:USC00327027,PETERSBURG 2 N ND US,466.3,48.0355,-98.01,20100910,463,711,7
GHCND:USC00327027,PETERSBURG 2 N ND US,466.3,48.0355,-98.01,20100911,459,707,7
GHCND:USC00327027,PETERSBURG 2 N ND US,466.3,48.0355,-98.01,20100912,454,702,7
GHCND:USC00327027,PETERSBURG 2 N ND US,466.3,48.0355,-98.01,20100913,450,697,7
GHCND:USC00327027,PETERSBURG 2 N ND US,466.3,48.0355,-98.01,20100914,445,693,7
GHCND:USC00327027,PETERSBURG 2 N ND US,466.3,48.0355,-98.01,20100915,441,688,6
GHCND:USC00327027,PETERSBURG 2 N ND US,466.3,48.0355,-98.01,20100916,436,684,7
GHCND:USC00327027,PETERSBURG 2 N ND US,466.3,48.0355,-98.01,20100917,431,679,6
GHCND:USC00327027,PETERSBURG 2 N ND US,466.3,48.0355,-98.01,20100918,427,674,7
GHCND:USC00327027,PETERSBURG 2 N ND US,466.3,48.0355,-98.01,20100919,422,669,6
GHCND:USC00327027,PETERSBURG 2 N ND US,466.3,48.0355,-98.01,20100920,418,665,7
GHCND:USC00327027,PETERSBURG 2 N ND US,466.3,48.0355,-98.01,20100921,413,660,6
GHCND:USC00327027,PETERSBURG 2 N ND US,466.3,48.0355,-98.01,20100922,409,655,6
GHCND:USC00327027,PETERSBURG 2 N ND US,466.3,48.0355,-98.01,20100923,404,650,7
GHCND:USC00327027,PETERSBURG 2 N ND US,466.3,48.0355,-98.01,20100924,400,646,7
GHCND:USC00327027,PETERSBURG 2 N ND US,466.3,48.0355,-98.01,20100925,395,641,6
GHCND:USC00327027,PETERSBURG 2 N ND US,466.3,48.0355,-98.01,20100926,391,636,7
GHCND:USC00327027,PETERSBURG 2 N ND US,466.3,48.0355,-98.01,20100927,387,631,7
GHCND:USC00327027,PETERSBURG 2 N ND US,466.3,48.0355,-98.01,20100928,382,627,7
GHCND:USC00327027,PETERSBURG 2 N ND US,466.3,48.0355,-98.01,20100929,378,622,7
GHCND:USC00327027,PETERSBURG 2 N ND US,466.3,48.0355,-98.01,20100930,374,617,6
GHCND:USC00327027,PETERSBURG 2 N ND US,466.3,48.0355,-98.01,20101001,370,612,7
GHCND:USC00327027,PETERSBURG 2 N ND US,466.3,48.0355,-98.01,20101002,366,607,6
GHCND:USC00327027,PETERSBURG 2 N ND US,466.3,48.0355,-98.01,20101003,361,602,7
GHCND:USC00327027,PETERSBURG 2 N ND US,466.3,48.0355,-98.01,20101004,357,597,7
GHCND:USC00327027,PETERSBURG 2 N ND US,466.3,48.0355,-98.01,20101005,353,592,6
GHCND:USC00327027,PETERSBURG 2 N ND US,466.3,48.0355,-98.01,20101006,349,587,7
GHCND:USC00327027,PETERSBURG 2 N ND US,466.3,48.0355,-98.01,20101007,346,582,6
GHCND:USC00327027,PETERSBURG 2 N ND US,466.3,48.0355,-98.01,20101008,342,577,7
GHCND:USC00327027,PETERSBURG 2 N ND US,466.3,48.0355,-98.01,20101009,338,572,5
GHCND:USC00327027,PETERSBURG 2 N ND US,466.3,48.0355,-98.01,20101010,334,567,6
GHCND:USC00327027,PETERSBURG 2 N ND US,466.3,48.0355,-98.01,20101011,330,562,6
GHCND:USC00327027,PETERSBURG 2 N ND US,466.3,48.0355,-98.01,20101012,326,556,6
GHCND:USC00327027,PETERSBURG 2 N ND US,466.3,48.0355,-98.01,20101013,322,551,6
GHCND:USC00327027,PETERSBURG 2 N ND US,466.3,48.0355,-98.01,20101014,318,545,6
GHCND:USC00327027,PETERSBURG 2 N ND US,466.3,48.0355,-98.01,20101015,315,540,6
GHCND:USC00327027,PETERSBURG 2 N ND US,466.3,48.0355,-98.01,20101016,311,534,6
GHCND:USC00327027,PETERSBURG 2 N ND US,466.3,48.0355,-98.01,20101017,307,528,6
GHCND:USC00327027,PETERSBURG 2 N ND US,466.3,48.0355,-98.01,20101018,303,522,6
GHCND:USC00327027,PETERSBURG 2 N ND US,466.3,48.0355,-98.01,20101019,299,516,5
GHCND:USC00327027,PETERSBURG 2 N ND US,466.3,48.0355,-98.01,20101020,295,511,6
GHCND:USC00327027,PETERSBURG 2 N ND US,466.3,48.0355,-98.01,20101021,291,504,5
GHCND:USC00327027,PETERSBURG 2 N ND US,466.3,48.0355,-98.01,20101022,287,498,5
GHCND:USC00327027,PETERSBURG 2 N ND US,466.3,48.0355,-98.01,20101023,283,492,4
GHCND:USC00327027,PETERSBURG 2 N ND US,466.3,48.0355,-98.01,20101024,279,486,4
GHCND:USC00327027,PETERSBURG 2 N ND US,466.3,48.0355,-98.01,20101025,274,479,4
GHCND:USC00327027,PETERSBURG 2 N ND US,466.3,48.0355,-98.01,20101026,270,473,4
GHCND:USC00327027,PETERSBURG 2 N ND US,466.3,48.0355,-98.01,20101027,266,466,5
GHCND:USC00327027,PETERSBURG 2 N ND US,466.3,48.0355,-98.01,20101028,261,460,4
GHCND:USC00327027,PETERSBURG 2 N ND US,466.3,48.0355,-98.01,20101029,257,453,3
GHCND:USC00327027,PETERSBURG 2 N ND US,466.3,48.0355,-98.01,20101030,252,447,4
GHCND:USC00327027,PETERSBURG 2 N ND US,466.3,48.0355,-98.01,20101031,248,440,4
GHCND:USC00327027,PETERSBURG 2 N ND US,466.3,48.0355,-98.01,20101101,243,433,3
GHCND:USC00327027,PETERSBURG 2 N ND US,466.3,48.0355,-98.01,20101102,238,426,3
GHCND:USC00327027,PETERSBURG 2 N ND US,466.3,48.0355,-98.01,20101103,233,419,3
GHCND:USC00327027,PETERSBURG 2 N ND US,466.3,48.0355,-98.01,20101104,228,413,3
GHCND:USC00327027,PETERSBURG 2 N ND US,466.3,48.0355,-98.01,20101105,223,406,3
GHCND:USC00327027,PETERSBURG 2 N ND US,466.3,48.0355,-98.01,20101106,218,399,3
GHCND:USC00327027,PETERSBURG 2 N ND US,466.3,48.0355,-98.01,20101107,213,392,3
GHCND:USC00327027,PETERSBURG 2 N ND US,466.3,48.0355,-98.01,20101108,207,385,3
GHCND:USC00327027,PETERSBURG 2 N ND US,466.3,48.0355,-98.01,20101109,202,378,3
GHCND:USC00327027,PETERSBURG 2 N ND US,466.3,48.0355,-98.01,20101110,197,371,3
GHCND:USC00327027,PETERSBURG 2 N ND US,466.3,48.0355,-98.01,20101111,191,365,2
GHCND:USC00327027,PETERSBURG 2 N ND US,466.3,48.0355,-98.01,20101112,186,358,3
GHCND:USC00327027,PETERSBURG 2 N ND US,466.3,48.0355,-98.01,20101113,180,351,3
GHCND:USC00327027,PETERSBURG 2 N ND US,466.3,48.0355,-98.01,20101114,175,344,3
GHCND:USC00327027,PETERSBURG 2 N ND US,466.3,48.0355,-98.01,20101115,169,338,2
GHCND:USC00327027,PETERSBURG 2 N ND US,466.3,48.0355,-98.01,20101116,163,331,3
GHCND:USC00327027,PETERSBURG 2 N ND US,466.3,48.0355,-98.01,20101117,157,325,3
GHCND:USC00327027,PETERSBURG 2 N ND US,466.3,48.0355,-98.01,20101118,152,318,2
GHCND:USC00327027,PETERSBURG 2 N ND US,466.3,48.0355,-98.01,20101119,146,312,3
GHCND:USC00327027,PETERSBURG 2 N ND US,466.3,48.0355,-98.01,20101120,140,306,3
GHCND:USC00327027,PETERSBURG 2 N ND US,466.3,48.0355,-98.01,20101121,134,300,3
GHCND:USC00327027,PETERSBURG 2 N ND US,466.3,48.0355,-98.01,20101122,129,294,2
GHCND:USC00327027,PETERSBURG 2 N ND US,466.3,48.0355,-98.01,20101123,123,288,3
GHCND:USC00327027,PETERSBURG 2 N ND US,466.3,48.0355,-98.01,20101124,117,282,2
GHCND:USC00327027,PETERSBURG 2 N ND US,466.3,48.0355,-98.01,20101125,112,276,3
GHCND:USC00327027,PETERSBURG 2 N ND US,466.3,48.0355,-98.01,20101126,106,271,2
GHCND:USC00327027,PETERSBURG 2 N ND US,466.3,48.0355,-98.01,20101127,100,265,2
GHCND:USC00327027,PETERSBURG 2 N ND US,466.3,48.0355,-98.01,20101128,95,260,3
GHCND:USC00327027,PETERSBURG 2 N ND US,466.3,48.0355,-98.01,20101129,89,254,2
GHCND:USC00327027,PETERSBURG 2 N ND US,466.3,48.0355,-98.01,20101130,84,249,2
GHCND:USC00327027,PETERSBURG 2 N ND US,466.3,48.0355,-98.01,20101201,78,244,3
GHCND:USC00327027,PETERSBURG 2 N ND US,466.3,48.0355,-98.01,20101202,73,239,2
GHCND:USC00327027,PETERSBURG 2 N ND US,466.3,48.0355,-98.01,20101203,68,234,3
GHCND:USC00327027,PETERSBURG 2 N ND US,466.3,48.0355,-98.01,20101204,63,230,3
GHCND:USC00327027,PETERSBURG 2 N ND US,466.3,48.0355,-98.01,20101205,58,225,2
GHCND:USC00327027,PETERSBURG 2 N ND US,466.3,48.0355,-98.01,20101206,53,221,3
GHCND:USC00327027,PETERSBURG 2 N ND US,466.3,48.0355,-98.01,20101207,48,216,3
GHCND:USC00327027,PETERSBURG 2 N ND US,466.3,48.0355,-98.01,20101208,44,212,3
GHCND:USC00327027,PETERSBURG 2 N ND US,466.3,48.0355,-98.01,20101209,39,208,2
GHCND:USC00327027,PETERSBURG 2 N ND US,466.3,48.0355,-98.01,20101210,34,204,3
GHCND:USC00327027,PETERSBURG 2 N ND US,466.3,48.0355,-98.01,20101211,30,200,3
GHCND:USC00327027,PETERSBURG 2 N ND US,466.3,48.0355,-98.01,20101212,26,196,2
GHCND:USC00327027,PETERSBURG 2 N ND US,466.3,48.0355,-98.01,20101213,22,193,3
GHCND:USC00327027,PETERSBURG 2 N ND US,466.3,48.0355,-98.01,20101214,18,189,2
GHCND:USC00327027,PETERSBURG 2 N ND US,466.3,48.0355,-98.01,20101215,14,186,2
GHCND:USC00327027,PETERSBURG 2 N ND US,466.3,48.0355,-98.01,20101216,10,182,2
GHCND:USC00327027,PETERSBURG 2 N ND US,466.3,48.0355,-98.01,20101217,7,179,3
GHCND:USC00327027,PETERSBURG 2 N ND US,466.3,48.0355,-98.01,20101218,3,176,2
GHCND:USC00327027,PETERSBURG 2 N ND US,466.3,48.0355,-98.01,20101219,0,173,2
GHCND:USC00327027,PETERSBURG 2 N ND US,466.3,48.0355,-98.01,20101220,-4,170,2
GHCND:USC00327027,PETERSBURG 2 N ND US,466.3,48.0355,-98.01,20101221,-7,168,2
GHCND:USC00327027,PETERSBURG 2 N ND US,466.3,48.0355,-98.01,20101222,-10,165,1
GHCND:USC00327027,PETERSBURG 2 N ND US,466.3,48.0355,-98.01,20101223,-13,162,2
GHCND:USC00327027,PETERSBURG 2 N ND US,466.3,48.0355,-98.01,20101224,-15,160,3
GHCND:USC00327027,PETERSBURG 2 N ND US,466.3,48.0355,-98.01,20101225,-18,158,2
GHCND:USC00327027,PETERSBURG 2 N ND US,466.3,48.0355,-98.01,20101226,-21,156,2
GHCND:USC00327027,PETERSBURG 2 N ND US,466.3,48.0355,-98.01,20101227,-23,154,2
GHCND:USC00327027,PETERSBURG 2 N ND US,466.3,48.0355,-98.01,20101228,-25,152,3
GHCND:USC00327027,PETERSBURG 2 N ND US,466.3,48.0355,-98.01,20101229,-27,150,2
GHCND:USC00327027,PETERSBURG 2 N ND US,466.3,48.0355,-98.01,20101230,-29,148,2
GHCND:USC00327027,PETERSBURG 2 N ND US,466.3,48.0355,-98.01,20101231,-31,147,2
